Tipo de Delito;Sexo del infractor;Periodo;Total
A Delitos;Total;2020;311.271
A Delitos;Total;2019;412.571
A Delitos;Total;2018;406.327
A Delitos;Total;2017;394.301
A Delitos;Total;2016;365.202
A Delitos;Total;2015;288.756
A Delitos;Total;2014;277.956
A Delitos;Total;2013;275.196
A Delitos;Hombres;2020;254.942
A Delitos;Hombres;2019;332.039
A Delitos;Hombres;2018;326.764
A Delitos;Hombres;2017;317.597
A Delitos;Hombres;2016;299.011
A Delitos;Hombres;2015;250.609
A Delitos;Hombres;2014;245.933
A Delitos;Hombres;2013;246.144
A Delitos;Mujeres;2020;56.329
A Delitos;Mujeres;2019;80.532
A Delitos;Mujeres;2018;79.563
A Delitos;Mujeres;2017;76.704
A Delitos;Mujeres;2016;66.191
A Delitos;Mujeres;2015;38.147
A Delitos;Mujeres;2014;32.023
A Delitos;Mujeres;2013;29.052
1 Homicidio y sus formas;Total;2020;1.036
1 Homicidio y sus formas;Total;2019;1.099
1 Homicidio y sus formas;Total;2018;1.087
1 Homicidio y sus formas;Total;2017;1.158
1 Homicidio y sus formas;Total;2016;1.252
1 Homicidio y sus formas;Total;2015;1.355
1 Homicidio y sus formas;Total;2014;1.295
1 Homicidio y sus formas;Total;2013;1.427
1 Homicidio y sus formas;Hombres;2020;907
1 Homicidio y sus formas;Hombres;2019;949
1 Homicidio y sus formas;Hombres;2018;954
1 Homicidio y sus formas;Hombres;2017;1.034
1 Homicidio y sus formas;Hombres;2016;1.126
1 Homicidio y sus formas;Hombres;2015;1.232
1 Homicidio y sus formas;Hombres;2014;1.197
1 Homicidio y sus formas;Hombres;2013;1.307
1 Homicidio y sus formas;Mujeres;2020;129
1 Homicidio y sus formas;Mujeres;2019;150
1 Homicidio y sus formas;Mujeres;2018;133
1 Homicidio y sus formas;Mujeres;2017;124
1 Homicidio y sus formas;Mujeres;2016;126
1 Homicidio y sus formas;Mujeres;2015;123
1 Homicidio y sus formas;Mujeres;2014;98
1 Homicidio y sus formas;Mujeres;2013;120
1.1 Homicidio;Total;2020;352
1.1 Homicidio;Total;2019;340
1.1 Homicidio;Total;2018;329
1.1 Homicidio;Total;2017;364
1.1 Homicidio;Total;2016;430
1.1 Homicidio;Total;2015;463
1.1 Homicidio;Total;2014;492
1.1 Homicidio;Total;2013;513
1.1 Homicidio;Hombres;2020;326
1.1 Homicidio;Hombres;2019;304
1.1 Homicidio;Hombres;2018;300
1.1 Homicidio;Hombres;2017;330
1.1 Homicidio;Hombres;2016;400
1.1 Homicidio;Hombres;2015;437
1.1 Homicidio;Hombres;2014;473
1.1 Homicidio;Hombres;2013;475
1.1 Homicidio;Mujeres;2020;26
1.1 Homicidio;Mujeres;2019;36
1.1 Homicidio;Mujeres;2018;29
1.1 Homicidio;Mujeres;2017;34
1.1 Homicidio;Mujeres;2016;30
1.1 Homicidio;Mujeres;2015;26
1.1 Homicidio;Mujeres;2014;19
1.1 Homicidio;Mujeres;2013;38
1.2 Asesinato;Total;2020;219
1.2 Asesinato;Total;2019;205
1.2 Asesinato;Total;2018;170
1.2 Asesinato;Total;2017;200
1.2 Asesinato;Total;2016;202
1.2 Asesinato;Total;2015;264
1.2 Asesinato;Total;2014;244
1.2 Asesinato;Total;2013;297
1.2 Asesinato;Hombres;2020;195
1.2 Asesinato;Hombres;2019;184
1.2 Asesinato;Hombres;2018;158
1.2 Asesinato;Hombres;2017;177
1.2 Asesinato;Hombres;2016;176
1.2 Asesinato;Hombres;2015;232
1.2 Asesinato;Hombres;2014;223
1.2 Asesinato;Hombres;2013;262
1.2 Asesinato;Mujeres;2020;24
1.2 Asesinato;Mujeres;2019;21
1.2 Asesinato;Mujeres;2018;12
1.2 Asesinato;Mujeres;2017;23
1.2 Asesinato;Mujeres;2016;26
1.2 Asesinato;Mujeres;2015;32
1.2 Asesinato;Mujeres;2014;21
1.2 Asesinato;Mujeres;2013;35
1.3 Homicidio por imprudencia;Total;2020;464
1.3 Homicidio por imprudencia;Total;2019;553
1.3 Homicidio por imprudencia;Total;2018;587
1.3 Homicidio por imprudencia;Total;2017;593
1.3 Homicidio por imprudencia;Total;2016;613
1.3 Homicidio por imprudencia;Total;2015;628
1.3 Homicidio por imprudencia;Total;2014;559
1.3 Homicidio por imprudencia;Total;2013;616
1.3 Homicidio por imprudencia;Hombres;2020;385
1.3 Homicidio por imprudencia;Hombres;2019;460
1.3 Homicidio por imprudencia;Hombres;2018;496
1.3 Homicidio por imprudencia;Hombres;2017;526
1.3 Homicidio por imprudencia;Hombres;2016;546
1.3 Homicidio por imprudencia;Hombres;2015;563
1.3 Homicidio por imprudencia;Hombres;2014;501
1.3 Homicidio por imprudencia;Hombres;2013;569
1.3 Homicidio por imprudencia;Mujeres;2020;79
1.3 Homicidio por imprudencia;Mujeres;2019;93
1.3 Homicidio por imprudencia;Mujeres;2018;91
1.3 Homicidio por imprudencia;Mujeres;2017;67
1.3 Homicidio por imprudencia;Mujeres;2016;67
1.3 Homicidio por imprudencia;Mujeres;2015;65
1.3 Homicidio por imprudencia;Mujeres;2014;58
1.3 Homicidio por imprudencia;Mujeres;2013;47
1.4 Inducción al suicidio;Total;2020;1
1.4 Inducción al suicidio;Total;2019;1
1.4 Inducción al suicidio;Total;2018;1
1.4 Inducción al suicidio;Total;2017;1
1.4 Inducción al suicidio;Total;2016;7
1.4 Inducción al suicidio;Total;2015;""
1.4 Inducción al suicidio;Total;2014;""
1.4 Inducción al suicidio;Total;2013;1
1.4 Inducción al suicidio;Hombres;2020;1
1.4 Inducción al suicidio;Hombres;2019;1
1.4 Inducción al suicidio;Hombres;2018;0
1.4 Inducción al suicidio;Hombres;2017;1
1.4 Inducción al suicidio;Hombres;2016;4
1.4 Inducción al suicidio;Hombres;2015;""
1.4 Inducción al suicidio;Hombres;2014;""
1.4 Inducción al suicidio;Hombres;2013;1
1.4 Inducción al suicidio;Mujeres;2020;0
1.4 Inducción al suicidio;Mujeres;2019;0
1.4 Inducción al suicidio;Mujeres;2018;1
1.4 Inducción al suicidio;Mujeres;2017;0
1.4 Inducción al suicidio;Mujeres;2016;3
1.4 Inducción al suicidio;Mujeres;2015;""
1.4 Inducción al suicidio;Mujeres;2014;""
1.4 Inducción al suicidio;Mujeres;2013;0
3 Lesiones;Total;2020;53.105
3 Lesiones;Total;2019;69.437
3 Lesiones;Total;2018;67.472
3 Lesiones;Total;2017;65.519
3 Lesiones;Total;2016;55.272
3 Lesiones;Total;2015;37.082
3 Lesiones;Total;2014;34.136
3 Lesiones;Total;2013;33.767
3 Lesiones;Hombres;2020;44.074
3 Lesiones;Hombres;2019;57.072
3 Lesiones;Hombres;2018;55.590
3 Lesiones;Hombres;2017;54.011
3 Lesiones;Hombres;2016;46.730
3 Lesiones;Hombres;2015;33.382
3 Lesiones;Hombres;2014;31.102
3 Lesiones;Hombres;2013;31.015
3 Lesiones;Mujeres;2020;9.031
3 Lesiones;Mujeres;2019;12.365
3 Lesiones;Mujeres;2018;11.882
3 Lesiones;Mujeres;2017;11.508
3 Lesiones;Mujeres;2016;8.542
3 Lesiones;Mujeres;2015;3.700
3 Lesiones;Mujeres;2014;3.034
3 Lesiones;Mujeres;2013;2.752
6 Contra la libertad;Total;2020;22.369
6 Contra la libertad;Total;2019;27.828
6 Contra la libertad;Total;2018;27.003
6 Contra la libertad;Total;2017;25.783
6 Contra la libertad;Total;2016;21.635
6 Contra la libertad;Total;2015;12.821
6 Contra la libertad;Total;2014;10.947
6 Contra la libertad;Total;2013;10.785
6 Contra la libertad;Hombres;2020;19.183
6 Contra la libertad;Hombres;2019;23.665
6 Contra la libertad;Hombres;2018;23.067
6 Contra la libertad;Hombres;2017;21.951
6 Contra la libertad;Hombres;2016;18.871
6 Contra la libertad;Hombres;2015;12.134
6 Contra la libertad;Hombres;2014;10.550
6 Contra la libertad;Hombres;2013;10.398
6 Contra la libertad;Mujeres;2020;3.186
6 Contra la libertad;Mujeres;2019;4.163
6 Contra la libertad;Mujeres;2018;3.936
6 Contra la libertad;Mujeres;2017;3.832
6 Contra la libertad;Mujeres;2016;2.764
6 Contra la libertad;Mujeres;2015;687
6 Contra la libertad;Mujeres;2014;397
6 Contra la libertad;Mujeres;2013;387
6.2 Amenazas;Total;2020;17.983
6.2 Amenazas;Total;2019;22.398
6.2 Amenazas;Total;2018;21.986
6.2 Amenazas;Total;2017;21.149
6.2 Amenazas;Total;2016;17.827
6.2 Amenazas;Total;2015;10.427
6.2 Amenazas;Total;2014;8.947
6.2 Amenazas;Total;2013;8.802
6.2 Amenazas;Hombres;2020;15.428
6.2 Amenazas;Hombres;2019;19.058
6.2 Amenazas;Hombres;2018;18.754
6.2 Amenazas;Hombres;2017;17.987
6.2 Amenazas;Hombres;2016;15.539
6.2 Amenazas;Hombres;2015;9.889
6.2 Amenazas;Hombres;2014;8.658
6.2 Amenazas;Hombres;2013;8.516
6.2 Amenazas;Mujeres;2020;2.555
6.2 Amenazas;Mujeres;2019;3.340
6.2 Amenazas;Mujeres;2018;3.232
6.2 Amenazas;Mujeres;2017;3.162
6.2 Amenazas;Mujeres;2016;2.288
6.2 Amenazas;Mujeres;2015;538
6.2 Amenazas;Mujeres;2014;289
6.2 Amenazas;Mujeres;2013;286
6.9 Coacciones y detenciones ilegales;Total;2020;4.386
6.9 Coacciones y detenciones ilegales;Total;2019;5.430
6.9 Coacciones y detenciones ilegales;Total;2018;5.017
6.9 Coacciones y detenciones ilegales;Total;2017;4.634
6.9 Coacciones y detenciones ilegales;Total;2016;3.808
6.9 Coacciones y detenciones ilegales;Total;2015;2.394
6.9 Coacciones y detenciones ilegales;Total;2014;2.000
6.9 Coacciones y detenciones ilegales;Total;2013;1.983
6.9 Coacciones y detenciones ilegales;Hombres;2020;3.755
6.9 Coacciones y detenciones ilegales;Hombres;2019;4.607
6.9 Coacciones y detenciones ilegales;Hombres;2018;4.313
6.9 Coacciones y detenciones ilegales;Hombres;2017;3.964
6.9 Coacciones y detenciones ilegales;Hombres;2016;3.332
6.9 Coacciones y detenciones ilegales;Hombres;2015;2.245
6.9 Coacciones y detenciones ilegales;Hombres;2014;1.892
6.9 Coacciones y detenciones ilegales;Hombres;2013;1.882
6.9 Coacciones y detenciones ilegales;Mujeres;2020;631
6.9 Coacciones y detenciones ilegales;Mujeres;2019;823
6.9 Coacciones y detenciones ilegales;Mujeres;2018;704
6.9 Coacciones y detenciones ilegales;Mujeres;2017;670
6.9 Coacciones y detenciones ilegales;Mujeres;2016;476
6.9 Coacciones y detenciones ilegales;Mujeres;2015;149
6.9 Coacciones y detenciones ilegales;Mujeres;2014;108
6.9 Coacciones y detenciones ilegales;Mujeres;2013;101
7 Torturas e integridad moral;Total;2020;7.078
7 Torturas e integridad moral;Total;2019;8.102
7 Torturas e integridad moral;Total;2018;7.819
7 Torturas e integridad moral;Total;2017;7.198
7 Torturas e integridad moral;Total;2016;6.247
7 Torturas e integridad moral;Total;2015;3.995
7 Torturas e integridad moral;Total;2014;2.545
7 Torturas e integridad moral;Total;2013;2.771
7 Torturas e integridad moral;Hombres;2020;6.676
7 Torturas e integridad moral;Hombres;2019;7.673
7 Torturas e integridad moral;Hombres;2018;7.360
7 Torturas e integridad moral;Hombres;2017;6.773
7 Torturas e integridad moral;Hombres;2016;5.891
7 Torturas e integridad moral;Hombres;2015;3.699
7 Torturas e integridad moral;Hombres;2014;2.348
7 Torturas e integridad moral;Hombres;2013;2.576
7 Torturas e integridad moral;Mujeres;2020;402
7 Torturas e integridad moral;Mujeres;2019;429
7 Torturas e integridad moral;Mujeres;2018;459
7 Torturas e integridad moral;Mujeres;2017;425
7 Torturas e integridad moral;Mujeres;2016;356
7 Torturas e integridad moral;Mujeres;2015;296
7 Torturas e integridad moral;Mujeres;2014;197
7 Torturas e integridad moral;Mujeres;2013;195
7.1 Trato degradante y violencia;Total;2020;7.030
7.1 Trato degradante y violencia;Total;2019;8.014
7.1 Trato degradante y violencia;Total;2018;7.733
7.1 Trato degradante y violencia;Total;2017;7.156
7.1 Trato degradante y violencia;Total;2016;6.168
7.1 Trato degradante y violencia;Total;2015;3.921
7.1 Trato degradante y violencia;Total;2014;2.476
7.1 Trato degradante y violencia;Total;2013;2.718
7.1 Trato degradante y violencia;Hombres;2020;6.643
7.1 Trato degradante y violencia;Hombres;2019;7.605
7.1 Trato degradante y violencia;Hombres;2018;7.290
7.1 Trato degradante y violencia;Hombres;2017;6.744
7.1 Trato degradante y violencia;Hombres;2016;5.823
7.1 Trato degradante y violencia;Hombres;2015;3.644
7.1 Trato degradante y violencia;Hombres;2014;2.289
7.1 Trato degradante y violencia;Hombres;2013;2.531
7.1 Trato degradante y violencia;Mujeres;2020;387
7.1 Trato degradante y violencia;Mujeres;2019;409
7.1 Trato degradante y violencia;Mujeres;2018;443
7.1 Trato degradante y violencia;Mujeres;2017;412
7.1 Trato degradante y violencia;Mujeres;2016;345
7.1 Trato degradante y violencia;Mujeres;2015;277
7.1 Trato degradante y violencia;Mujeres;2014;187
7.1 Trato degradante y violencia;Mujeres;2013;187
7.2 Tortura;Total;2020;41
7.2 Tortura;Total;2019;75
7.2 Tortura;Total;2018;77
7.2 Tortura;Total;2017;36
7.2 Tortura;Total;2016;76
7.2 Tortura;Total;2015;69
7.2 Tortura;Total;2014;68
7.2 Tortura;Total;2013;47
7.2 Tortura;Hombres;2020;27
7.2 Tortura;Hombres;2019;56
7.2 Tortura;Hombres;2018;63
7.2 Tortura;Hombres;2017;26
7.2 Tortura;Hombres;2016;66
7.2 Tortura;Hombres;2015;52
7.2 Tortura;Hombres;2014;58
7.2 Tortura;Hombres;2013;41
7.2 Tortura;Mujeres;2020;14
7.2 Tortura;Mujeres;2019;19
7.2 Tortura;Mujeres;2018;14
7.2 Tortura;Mujeres;2017;10
7.2 Tortura;Mujeres;2016;10
7.2 Tortura;Mujeres;2015;17
7.2 Tortura;Mujeres;2014;10
7.2 Tortura;Mujeres;2013;6
7.3 Otros;Total;2020;7
7.3 Otros;Total;2019;13
7.3 Otros;Total;2018;9
7.3 Otros;Total;2017;6
7.3 Otros;Total;2016;3
7.3 Otros;Total;2015;5
7.3 Otros;Total;2014;1
7.3 Otros;Total;2013;6
7.3 Otros;Hombres;2020;6
7.3 Otros;Hombres;2019;12
7.3 Otros;Hombres;2018;7
7.3 Otros;Hombres;2017;3
7.3 Otros;Hombres;2016;2
7.3 Otros;Hombres;2015;3
7.3 Otros;Hombres;2014;1
7.3 Otros;Hombres;2013;4
7.3 Otros;Mujeres;2020;1
7.3 Otros;Mujeres;2019;1
7.3 Otros;Mujeres;2018;2
7.3 Otros;Mujeres;2017;3
7.3 Otros;Mujeres;2016;1
7.3 Otros;Mujeres;2015;2
7.3 Otros;Mujeres;2014;0
7.3 Otros;Mujeres;2013;2
8 Contra la libertad e indemnidad sexuales;Total;2020;2.885
8 Contra la libertad e indemnidad sexuales;Total;2019;3.296
8 Contra la libertad e indemnidad sexuales;Total;2018;2.917
8 Contra la libertad e indemnidad sexuales;Total;2017;2.764
8 Contra la libertad e indemnidad sexuales;Total;2016;2.721
8 Contra la libertad e indemnidad sexuales;Total;2015;2.515
8 Contra la libertad e indemnidad sexuales;Total;2014;2.492
8 Contra la libertad e indemnidad sexuales;Total;2013;2.628
8 Contra la libertad e indemnidad sexuales;Hombres;2020;2.822
8 Contra la libertad e indemnidad sexuales;Hombres;2019;3.216
8 Contra la libertad e indemnidad sexuales;Hombres;2018;2.820
8 Contra la libertad e indemnidad sexuales;Hombres;2017;2.666
8 Contra la libertad e indemnidad sexuales;Hombres;2016;2.669
8 Contra la libertad e indemnidad sexuales;Hombres;2015;2.405
8 Contra la libertad e indemnidad sexuales;Hombres;2014;2.434
8 Contra la libertad e indemnidad sexuales;Hombres;2013;2.550
8 Contra la libertad e indemnidad sexuales;Mujeres;2020;63
8 Contra la libertad e indemnidad sexuales;Mujeres;2019;80
8 Contra la libertad e indemnidad sexuales;Mujeres;2018;97
8 Contra la libertad e indemnidad sexuales;Mujeres;2017;98
8 Contra la libertad e indemnidad sexuales;Mujeres;2016;52
8 Contra la libertad e indemnidad sexuales;Mujeres;2015;110
8 Contra la libertad e indemnidad sexuales;Mujeres;2014;58
8 Contra la libertad e indemnidad sexuales;Mujeres;2013;78
12 Contra las relaciones familiares;Total;2020;4.193
12 Contra las relaciones familiares;Total;2019;5.821
12 Contra las relaciones familiares;Total;2018;6.196
12 Contra las relaciones familiares;Total;2017;6.595
12 Contra las relaciones familiares;Total;2016;6.945
12 Contra las relaciones familiares;Total;2015;7.089
12 Contra las relaciones familiares;Total;2014;6.946
12 Contra las relaciones familiares;Total;2013;6.282
12 Contra las relaciones familiares;Hombres;2020;3.692
12 Contra las relaciones familiares;Hombres;2019;5.315
12 Contra las relaciones familiares;Hombres;2018;5.586
12 Contra las relaciones familiares;Hombres;2017;5.991
12 Contra las relaciones familiares;Hombres;2016;6.356
12 Contra las relaciones familiares;Hombres;2015;6.482
12 Contra las relaciones familiares;Hombres;2014;6.417
12 Contra las relaciones familiares;Hombres;2013;5.763
12 Contra las relaciones familiares;Mujeres;2020;501
12 Contra las relaciones familiares;Mujeres;2019;506
12 Contra las relaciones familiares;Mujeres;2018;610
12 Contra las relaciones familiares;Mujeres;2017;604
12 Contra las relaciones familiares;Mujeres;2016;589
12 Contra las relaciones familiares;Mujeres;2015;607
12 Contra las relaciones familiares;Mujeres;2014;529
12 Contra las relaciones familiares;Mujeres;2013;519
12.3 Contra los derechos y deberes familiares;Total;2020;4.174
12.3 Contra los derechos y deberes familiares;Total;2019;5.810
12.3 Contra los derechos y deberes familiares;Total;2018;6.181
12.3 Contra los derechos y deberes familiares;Total;2017;6.581
12.3 Contra los derechos y deberes familiares;Total;2016;6.929
12.3 Contra los derechos y deberes familiares;Total;2015;7.071
12.3 Contra los derechos y deberes familiares;Total;2014;6.926
12.3 Contra los derechos y deberes familiares;Total;2013;6.270
12.3 Contra los derechos y deberes familiares;Hombres;2020;3.687
12.3 Contra los derechos y deberes familiares;Hombres;2019;5.313
12.3 Contra los derechos y deberes familiares;Hombres;2018;5.579
12.3 Contra los derechos y deberes familiares;Hombres;2017;5.985
12.3 Contra los derechos y deberes familiares;Hombres;2016;6.350
12.3 Contra los derechos y deberes familiares;Hombres;2015;6.477
12.3 Contra los derechos y deberes familiares;Hombres;2014;6.409
12.3 Contra los derechos y deberes familiares;Hombres;2013;5.759
12.3 Contra los derechos y deberes familiares;Mujeres;2020;487
12.3 Contra los derechos y deberes familiares;Mujeres;2019;497
12.3 Contra los derechos y deberes familiares;Mujeres;2018;602
12.3 Contra los derechos y deberes familiares;Mujeres;2017;596
12.3 Contra los derechos y deberes familiares;Mujeres;2016;579
12.3 Contra los derechos y deberes familiares;Mujeres;2015;594
12.3 Contra los derechos y deberes familiares;Mujeres;2014;517
12.3 Contra los derechos y deberes familiares;Mujeres;2013;511
12.3.1 Quebrantamiento de los deberes de custodia;Total;2020;9
12.3.1 Quebrantamiento de los deberes de custodia;Total;2019;31
12.3.1 Quebrantamiento de los deberes de custodia;Total;2018;42
12.3.1 Quebrantamiento de los deberes de custodia;Total;2017;56
12.3.1 Quebrantamiento de los deberes de custodia;Total;2016;58
12.3.1 Quebrantamiento de los deberes de custodia;Total;2015;56
12.3.1 Quebrantamiento de los deberes de custodia;Total;2014;37
12.3.1 Quebrantamiento de los deberes de custodia;Total;2013;35
12.3.1 Quebrantamiento de los deberes de custodia;Hombres;2020;9
12.3.1 Quebrantamiento de los deberes de custodia;Hombres;2019;24
12.3.1 Quebrantamiento de los deberes de custodia;Hombres;2018;31
12.3.1 Quebrantamiento de los deberes de custodia;Hombres;2017;45
12.3.1 Quebrantamiento de los deberes de custodia;Hombres;2016;44
12.3.1 Quebrantamiento de los deberes de custodia;Hombres;2015;45
12.3.1 Quebrantamiento de los deberes de custodia;Hombres;2014;31
12.3.1 Quebrantamiento de los deberes de custodia;Hombres;2013;29
12.3.1 Quebrantamiento de los deberes de custodia;Mujeres;2020;0
12.3.1 Quebrantamiento de los deberes de custodia;Mujeres;2019;7
12.3.1 Quebrantamiento de los deberes de custodia;Mujeres;2018;11
12.3.1 Quebrantamiento de los deberes de custodia;Mujeres;2017;11
12.3.1 Quebrantamiento de los deberes de custodia;Mujeres;2016;14
12.3.1 Quebrantamiento de los deberes de custodia;Mujeres;2015;11
12.3.1 Quebrantamiento de los deberes de custodia;Mujeres;2014;6
12.3.1 Quebrantamiento de los deberes de custodia;Mujeres;2013;6
12.3.2 Sustracción de menores;Total;2020;24
12.3.2 Sustracción de menores;Total;2019;30
12.3.2 Sustracción de menores;Total;2018;41
12.3.2 Sustracción de menores;Total;2017;33
12.3.2 Sustracción de menores;Total;2016;35
12.3.2 Sustracción de menores;Total;2015;32
12.3.2 Sustracción de menores;Total;2014;35
12.3.2 Sustracción de menores;Total;2013;32
12.3.2 Sustracción de menores;Hombres;2020;7
12.3.2 Sustracción de menores;Hombres;2019;16
12.3.2 Sustracción de menores;Hombres;2018;14
12.3.2 Sustracción de menores;Hombres;2017;16
12.3.2 Sustracción de menores;Hombres;2016;17
12.3.2 Sustracción de menores;Hombres;2015;15
12.3.2 Sustracción de menores;Hombres;2014;20
12.3.2 Sustracción de menores;Hombres;2013;17
12.3.2 Sustracción de menores;Mujeres;2020;17
12.3.2 Sustracción de menores;Mujeres;2019;14
12.3.2 Sustracción de menores;Mujeres;2018;27
12.3.2 Sustracción de menores;Mujeres;2017;17
12.3.2 Sustracción de menores;Mujeres;2016;18
12.3.2 Sustracción de menores;Mujeres;2015;17
12.3.2 Sustracción de menores;Mujeres;2014;15
12.3.2 Sustracción de menores;Mujeres;2013;15
12.3.3 Abandono de familia;Total;2020;4.141
12.3.3 Abandono de familia;Total;2019;5.749
12.3.3 Abandono de familia;Total;2018;6.098
12.3.3 Abandono de familia;Total;2017;6.492
12.3.3 Abandono de familia;Total;2016;6.836
12.3.3 Abandono de familia;Total;2015;6.983
12.3.3 Abandono de familia;Total;2014;6.854
12.3.3 Abandono de familia;Total;2013;6.203
12.3.3 Abandono de familia;Hombres;2020;3.671
12.3.3 Abandono de familia;Hombres;2019;5.273
12.3.3 Abandono de familia;Hombres;2018;5.534
12.3.3 Abandono de familia;Hombres;2017;5.924
12.3.3 Abandono de familia;Hombres;2016;6.289
12.3.3 Abandono de familia;Hombres;2015;6.417
12.3.3 Abandono de familia;Hombres;2014;6.358
12.3.3 Abandono de familia;Hombres;2013;5.713
12.3.3 Abandono de familia;Mujeres;2020;470
12.3.3 Abandono de familia;Mujeres;2019;476
12.3.3 Abandono de familia;Mujeres;2018;564
12.3.3 Abandono de familia;Mujeres;2017;568
12.3.3 Abandono de familia;Mujeres;2016;547
12.3.3 Abandono de familia;Mujeres;2015;566
12.3.3 Abandono de familia;Mujeres;2014;496
12.3.3 Abandono de familia;Mujeres;2013;490
12.99 Otros delitos contra las relaciones familiares;Total;2020;19
12.99 Otros delitos contra las relaciones familiares;Total;2019;11
12.99 Otros delitos contra las relaciones familiares;Total;2018;15
12.99 Otros delitos contra las relaciones familiares;Total;2017;14
12.99 Otros delitos contra las relaciones familiares;Total;2016;16
12.99 Otros delitos contra las relaciones familiares;Total;2015;18
12.99 Otros delitos contra las relaciones familiares;Total;2014;20
12.99 Otros delitos contra las relaciones familiares;Total;2013;12
12.99 Otros delitos contra las relaciones familiares;Hombres;2020;5
12.99 Otros delitos contra las relaciones familiares;Hombres;2019;2
12.99 Otros delitos contra las relaciones familiares;Hombres;2018;7
12.99 Otros delitos contra las relaciones familiares;Hombres;2017;6
12.99 Otros delitos contra las relaciones familiares;Hombres;2016;6
12.99 Otros delitos contra las relaciones familiares;Hombres;2015;5
12.99 Otros delitos contra las relaciones familiares;Hombres;2014;8
12.99 Otros delitos contra las relaciones familiares;Hombres;2013;4
12.99 Otros delitos contra las relaciones familiares;Mujeres;2020;14
12.99 Otros delitos contra las relaciones familiares;Mujeres;2019;9
12.99 Otros delitos contra las relaciones familiares;Mujeres;2018;8
12.99 Otros delitos contra las relaciones familiares;Mujeres;2017;8
12.99 Otros delitos contra las relaciones familiares;Mujeres;2016;10
12.99 Otros delitos contra las relaciones familiares;Mujeres;2015;13
12.99 Otros delitos contra las relaciones familiares;Mujeres;2014;12
12.99 Otros delitos contra las relaciones familiares;Mujeres;2013;8
13 Contra el patrimonio y el orden socioeconómico;Total;2020;99.660
13 Contra el patrimonio y el orden socioeconómico;Total;2019;141.686
13 Contra el patrimonio y el orden socioeconómico;Total;2018;142.426
13 Contra el patrimonio y el orden socioeconómico;Total;2017;136.992
13 Contra el patrimonio y el orden socioeconómico;Total;2016;122.647
13 Contra el patrimonio y el orden socioeconómico;Total;2015;74.790
13 Contra el patrimonio y el orden socioeconómico;Total;2014;64.620
13 Contra el patrimonio y el orden socioeconómico;Total;2013;60.645
13 Contra el patrimonio y el orden socioeconómico;Hombres;2020;71.207
13 Contra el patrimonio y el orden socioeconómico;Hombres;2019;98.489
13 Contra el patrimonio y el orden socioeconómico;Hombres;2018;98.667
13 Contra el patrimonio y el orden socioeconómico;Hombres;2017;95.207
13 Contra el patrimonio y el orden socioeconómico;Hombres;2016;86.727
13 Contra el patrimonio y el orden socioeconómico;Hombres;2015;59.272
13 Contra el patrimonio y el orden socioeconómico;Hombres;2014;54.141
13 Contra el patrimonio y el orden socioeconómico;Hombres;2013;51.719
13 Contra el patrimonio y el orden socioeconómico;Mujeres;2020;28.453
13 Contra el patrimonio y el orden socioeconómico;Mujeres;2019;43.197
13 Contra el patrimonio y el orden socioeconómico;Mujeres;2018;43.759
13 Contra el patrimonio y el orden socioeconómico;Mujeres;2017;41.785
13 Contra el patrimonio y el orden socioeconómico;Mujeres;2016;35.920
13 Contra el patrimonio y el orden socioeconómico;Mujeres;2015;15.518
13 Contra el patrimonio y el orden socioeconómico;Mujeres;2014;10.479
13 Contra el patrimonio y el orden socioeconómico;Mujeres;2013;8.926
13.1 Hurtos;Total;2020;47.533
13.1 Hurtos;Total;2019;71.671
13.1 Hurtos;Total;2018;70.102
13.1 Hurtos;Total;2017;63.721
13.1 Hurtos;Total;2016;55.282
13.1 Hurtos;Total;2015;20.611
13.1 Hurtos;Total;2014;11.606
13.1 Hurtos;Total;2013;10.751
13.1 Hurtos;Hombres;2020;28.603
13.1 Hurtos;Hombres;2019;41.536
13.1 Hurtos;Hombres;2018;40.401
13.1 Hurtos;Hombres;2017;35.970
13.1 Hurtos;Hombres;2016;31.319
13.1 Hurtos;Hombres;2015;12.617
13.1 Hurtos;Hombres;2014;7.942
13.1 Hurtos;Hombres;2013;7.493
13.1 Hurtos;Mujeres;2020;18.930
13.1 Hurtos;Mujeres;2019;30.135
13.1 Hurtos;Mujeres;2018;29.701
13.1 Hurtos;Mujeres;2017;27.751
13.1 Hurtos;Mujeres;2016;23.963
13.1 Hurtos;Mujeres;2015;7.994
13.1 Hurtos;Mujeres;2014;3.664
13.1 Hurtos;Mujeres;2013;3.258
13.2 Robos;Total;2020;18.149
13.2 Robos;Total;2019;24.004
13.2 Robos;Total;2018;25.756
13.2 Robos;Total;2017;27.713
13.2 Robos;Total;2016;28.758
13.2 Robos;Total;2015;29.499
13.2 Robos;Total;2014;30.815
13.2 Robos;Total;2013;30.509
13.2 Robos;Hombres;2020;16.824
13.2 Robos;Hombres;2019;22.234
13.2 Robos;Hombres;2018;23.765
13.2 Robos;Hombres;2017;25.615
13.2 Robos;Hombres;2016;26.663
13.2 Robos;Hombres;2015;27.486
13.2 Robos;Hombres;2014;28.601
13.2 Robos;Hombres;2013;28.488
13.2 Robos;Mujeres;2020;1.325
13.2 Robos;Mujeres;2019;1.770
13.2 Robos;Mujeres;2018;1.991
13.2 Robos;Mujeres;2017;2.098
13.2 Robos;Mujeres;2016;2.095
13.2 Robos;Mujeres;2015;2.013
13.2 Robos;Mujeres;2014;2.214
13.2 Robos;Mujeres;2013;2.021
13.2.1 Robo con violencia;Total;2020;6.484
13.2.1 Robo con violencia;Total;2019;7.271
13.2.1 Robo con violencia;Total;2018;7.263
13.2.1 Robo con violencia;Total;2017;7.535
13.2.1 Robo con violencia;Total;2016;7.882
13.2.1 Robo con violencia;Total;2015;8.187
13.2.1 Robo con violencia;Total;2014;8.755
13.2.1 Robo con violencia;Total;2013;9.169
13.2.1 Robo con violencia;Hombres;2020;5.901
13.2.1 Robo con violencia;Hombres;2019;6.483
13.2.1 Robo con violencia;Hombres;2018;6.407
13.2.1 Robo con violencia;Hombres;2017;6.695
13.2.1 Robo con violencia;Hombres;2016;7.062
13.2.1 Robo con violencia;Hombres;2015;7.331
13.2.1 Robo con violencia;Hombres;2014;7.855
13.2.1 Robo con violencia;Hombres;2013;8.293
13.2.1 Robo con violencia;Mujeres;2020;583
13.2.1 Robo con violencia;Mujeres;2019;788
13.2.1 Robo con violencia;Mujeres;2018;856
13.2.1 Robo con violencia;Mujeres;2017;840
13.2.1 Robo con violencia;Mujeres;2016;820
13.2.1 Robo con violencia;Mujeres;2015;856
13.2.1 Robo con violencia;Mujeres;2014;900
13.2.1 Robo con violencia;Mujeres;2013;876
13.2.2 Robo con fuerza;Total;2020;11.665
13.2.2 Robo con fuerza;Total;2019;16.733
13.2.2 Robo con fuerza;Total;2018;18.493
13.2.2 Robo con fuerza;Total;2017;20.178
13.2.2 Robo con fuerza;Total;2016;20.876
13.2.2 Robo con fuerza;Total;2015;21.312
13.2.2 Robo con fuerza;Total;2014;22.060
13.2.2 Robo con fuerza;Total;2013;21.340
13.2.2 Robo con fuerza;Hombres;2020;10.923
13.2.2 Robo con fuerza;Hombres;2019;15.751
13.2.2 Robo con fuerza;Hombres;2018;17.358
13.2.2 Robo con fuerza;Hombres;2017;18.920
13.2.2 Robo con fuerza;Hombres;2016;19.601
13.2.2 Robo con fuerza;Hombres;2015;20.155
13.2.2 Robo con fuerza;Hombres;2014;20.746
13.2.2 Robo con fuerza;Hombres;2013;20.195
13.2.2 Robo con fuerza;Mujeres;2020;742
13.2.2 Robo con fuerza;Mujeres;2019;982
13.2.2 Robo con fuerza;Mujeres;2018;1.135
13.2.2 Robo con fuerza;Mujeres;2017;1.258
13.2.2 Robo con fuerza;Mujeres;2016;1.275
13.2.2 Robo con fuerza;Mujeres;2015;1.157
13.2.2 Robo con fuerza;Mujeres;2014;1.314
13.2.2 Robo con fuerza;Mujeres;2013;1.145
13.4 Robo y hurto de uso de vehículo;Total;2020;1.215
13.4 Robo y hurto de uso de vehículo;Total;2019;1.729
13.4 Robo y hurto de uso de vehículo;Total;2018;1.846
13.4 Robo y hurto de uso de vehículo;Total;2017;1.975
13.4 Robo y hurto de uso de vehículo;Total;2016;1.931
13.4 Robo y hurto de uso de vehículo;Total;2015;2.038
13.4 Robo y hurto de uso de vehículo;Total;2014;2.322
13.4 Robo y hurto de uso de vehículo;Total;2013;2.444
13.4 Robo y hurto de uso de vehículo;Hombres;2020;1.163
13.4 Robo y hurto de uso de vehículo;Hombres;2019;1.644
13.4 Robo y hurto de uso de vehículo;Hombres;2018;1.751
13.4 Robo y hurto de uso de vehículo;Hombres;2017;1.892
13.4 Robo y hurto de uso de vehículo;Hombres;2016;1.849
13.4 Robo y hurto de uso de vehículo;Hombres;2015;1.951
13.4 Robo y hurto de uso de vehículo;Hombres;2014;2.223
13.4 Robo y hurto de uso de vehículo;Hombres;2013;2.340
13.4 Robo y hurto de uso de vehículo;Mujeres;2020;52
13.4 Robo y hurto de uso de vehículo;Mujeres;2019;85
13.4 Robo y hurto de uso de vehículo;Mujeres;2018;95
13.4 Robo y hurto de uso de vehículo;Mujeres;2017;83
13.4 Robo y hurto de uso de vehículo;Mujeres;2016;82
13.4 Robo y hurto de uso de vehículo;Mujeres;2015;87
13.4 Robo y hurto de uso de vehículo;Mujeres;2014;99
13.4 Robo y hurto de uso de vehículo;Mujeres;2013;104
13.5 Usurpación;Total;2020;3.157
13.5 Usurpación;Total;2019;4.687
13.5 Usurpación;Total;2018;6.028
13.5 Usurpación;Total;2017;6.757
13.5 Usurpación;Total;2016;6.132
13.5 Usurpación;Total;2015;3.278
13.5 Usurpación;Total;2014;2.402
13.5 Usurpación;Total;2013;1.669
13.5 Usurpación;Hombres;2020;1.621
13.5 Usurpación;Hombres;2019;2.291
13.5 Usurpación;Hombres;2018;2.881
13.5 Usurpación;Hombres;2017;3.232
13.5 Usurpación;Hombres;2016;2.995
13.5 Usurpación;Hombres;2015;1.722
13.5 Usurpación;Hombres;2014;1.317
13.5 Usurpación;Hombres;2013;952
13.5 Usurpación;Mujeres;2020;1.536
13.5 Usurpación;Mujeres;2019;2.396
13.5 Usurpación;Mujeres;2018;3.147
13.5 Usurpación;Mujeres;2017;3.525
13.5 Usurpación;Mujeres;2016;3.137
13.5 Usurpación;Mujeres;2015;1.556
13.5 Usurpación;Mujeres;2014;1.085
13.5 Usurpación;Mujeres;2013;717
13.6 Defraudaciones;Total;2020;18.212
13.6 Defraudaciones;Total;2019;24.129
13.6 Defraudaciones;Total;2018;23.252
13.6 Defraudaciones;Total;2017;21.953
13.6 Defraudaciones;Total;2016;17.736
13.6 Defraudaciones;Total;2015;10.202
13.6 Defraudaciones;Total;2014;9.166
13.6 Defraudaciones;Total;2013;7.876
13.6 Defraudaciones;Hombres;2020;13.581
13.6 Defraudaciones;Hombres;2019;17.801
13.6 Defraudaciones;Hombres;2018;16.943
13.6 Defraudaciones;Hombres;2017;16.008
13.6 Defraudaciones;Hombres;2016;13.047
13.6 Defraudaciones;Hombres;2015;7.680
13.6 Defraudaciones;Hombres;2014;6.914
13.6 Defraudaciones;Hombres;2013;5.965
13.6 Defraudaciones;Mujeres;2020;4.631
13.6 Defraudaciones;Mujeres;2019;6.328
13.6 Defraudaciones;Mujeres;2018;6.309
13.6 Defraudaciones;Mujeres;2017;5.945
13.6 Defraudaciones;Mujeres;2016;4.689
13.6 Defraudaciones;Mujeres;2015;2.522
13.6 Defraudaciones;Mujeres;2014;2.252
13.6 Defraudaciones;Mujeres;2013;1.911
13.6.1 Estafas;Total;2020;12.930
13.6.1 Estafas;Total;2019;17.241
13.6.1 Estafas;Total;2018;16.250
13.6.1 Estafas;Total;2017;15.407
13.6.1 Estafas;Total;2016;12.402
13.6.1 Estafas;Total;2015;6.904
13.6.1 Estafas;Total;2014;6.175
13.6.1 Estafas;Total;2013;5.251
13.6.1 Estafas;Hombres;2020;9.655
13.6.1 Estafas;Hombres;2019;12.758
13.6.1 Estafas;Hombres;2018;11.847
13.6.1 Estafas;Hombres;2017;11.226
13.6.1 Estafas;Hombres;2016;9.184
13.6.1 Estafas;Hombres;2015;5.160
13.6.1 Estafas;Hombres;2014;4.620
13.6.1 Estafas;Hombres;2013;3.948
13.6.1 Estafas;Mujeres;2020;3.275
13.6.1 Estafas;Mujeres;2019;4.483
13.6.1 Estafas;Mujeres;2018;4.403
13.6.1 Estafas;Mujeres;2017;4.181
13.6.1 Estafas;Mujeres;2016;3.218
13.6.1 Estafas;Mujeres;2015;1.744
13.6.1 Estafas;Mujeres;2014;1.555
13.6.1 Estafas;Mujeres;2013;1.303
13.6.2 BIS Apropiación indebida;Total;2020;3.886
13.6.2 BIS Apropiación indebida;Total;2019;5.084
13.6.2 BIS Apropiación indebida;Total;2018;5.082
13.6.2 BIS Apropiación indebida;Total;2017;4.862
13.6.2 BIS Apropiación indebida;Total;2016;4.163
13.6.2 BIS Apropiación indebida;Total;2015;2.702
13.6.2 BIS Apropiación indebida;Total;2014;2.511
13.6.2 BIS Apropiación indebida;Total;2013;2.243
13.6.2 BIS Apropiación indebida;Hombres;2020;2.926
13.6.2 BIS Apropiación indebida;Hombres;2019;3.830
13.6.2 BIS Apropiación indebida;Hombres;2018;3.830
13.6.2 BIS Apropiación indebida;Hombres;2017;3.668
13.6.2 BIS Apropiación indebida;Hombres;2016;3.090
13.6.2 BIS Apropiación indebida;Hombres;2015;2.106
13.6.2 BIS Apropiación indebida;Hombres;2014;1.942
13.6.2 BIS Apropiación indebida;Hombres;2013;1.774
13.6.2 BIS Apropiación indebida;Mujeres;2020;960
13.6.2 BIS Apropiación indebida;Mujeres;2019;1.254
13.6.2 BIS Apropiación indebida;Mujeres;2018;1.252
13.6.2 BIS Apropiación indebida;Mujeres;2017;1.194
13.6.2 BIS Apropiación indebida;Mujeres;2016;1.073
13.6.2 BIS Apropiación indebida;Mujeres;2015;596
13.6.2 BIS Apropiación indebida;Mujeres;2014;569
13.6.2 BIS Apropiación indebida;Mujeres;2013;469
13.6.3 Defraudaciones de fluido eléctrico;Total;2020;1.396
13.6.3 Defraudaciones de fluido eléctrico;Total;2019;1.804
13.6.3 Defraudaciones de fluido eléctrico;Total;2018;1.920
13.6.3 Defraudaciones de fluido eléctrico;Total;2017;1.684
13.6.3 Defraudaciones de fluido eléctrico;Total;2016;1.171
13.6.3 Defraudaciones de fluido eléctrico;Total;2015;596
13.6.3 Defraudaciones de fluido eléctrico;Total;2014;480
13.6.3 Defraudaciones de fluido eléctrico;Total;2013;382
13.6.3 Defraudaciones de fluido eléctrico;Hombres;2020;1.000
13.6.3 Defraudaciones de fluido eléctrico;Hombres;2019;1.213
13.6.3 Defraudaciones de fluido eléctrico;Hombres;2018;1.266
13.6.3 Defraudaciones de fluido eléctrico;Hombres;2017;1.114
13.6.3 Defraudaciones de fluido eléctrico;Hombres;2016;773
13.6.3 Defraudaciones de fluido eléctrico;Hombres;2015;414
13.6.3 Defraudaciones de fluido eléctrico;Hombres;2014;352
13.6.3 Defraudaciones de fluido eléctrico;Hombres;2013;243
13.6.3 Defraudaciones de fluido eléctrico;Mujeres;2020;396
13.6.3 Defraudaciones de fluido eléctrico;Mujeres;2019;591
13.6.3 Defraudaciones de fluido eléctrico;Mujeres;2018;654
13.6.3 Defraudaciones de fluido eléctrico;Mujeres;2017;570
13.6.3 Defraudaciones de fluido eléctrico;Mujeres;2016;398
13.6.3 Defraudaciones de fluido eléctrico;Mujeres;2015;182
13.6.3 Defraudaciones de fluido eléctrico;Mujeres;2014;128
13.6.3 Defraudaciones de fluido eléctrico;Mujeres;2013;139
13.9 Daños;Total;2020;7.609
13.9 Daños;Total;2019;10.252
13.9 Daños;Total;2018;10.037
13.9 Daños;Total;2017;9.694
13.9 Daños;Total;2016;7.838
13.9 Daños;Total;2015;4.854
13.9 Daños;Total;2014;4.272
13.9 Daños;Total;2013;4.095
13.9 Daños;Hombres;2020;6.361
13.9 Daños;Hombres;2019;8.655
13.9 Daños;Hombres;2018;8.478
13.9 Daños;Hombres;2017;8.207
13.9 Daños;Hombres;2016;6.751
13.9 Daños;Hombres;2015;4.261
13.9 Daños;Hombres;2014;3.811
13.9 Daños;Hombres;2013;3.684
13.9 Daños;Mujeres;2020;1.248
13.9 Daños;Mujeres;2019;1.597
13.9 Daños;Mujeres;2018;1.559
13.9 Daños;Mujeres;2017;1.487
13.9 Daños;Mujeres;2016;1.087
13.9 Daños;Mujeres;2015;593
13.9 Daños;Mujeres;2014;461
13.9 Daños;Mujeres;2013;411
13.14 Receptación y blanqueo de capitales;Total;2020;2.064
13.14 Receptación y blanqueo de capitales;Total;2019;2.936
13.14 Receptación y blanqueo de capitales;Total;2018;3.161
13.14 Receptación y blanqueo de capitales;Total;2017;3.021
13.14 Receptación y blanqueo de capitales;Total;2016;3.000
13.14 Receptación y blanqueo de capitales;Total;2015;2.733
13.14 Receptación y blanqueo de capitales;Total;2014;2.495
13.14 Receptación y blanqueo de capitales;Total;2013;2.009
13.14 Receptación y blanqueo de capitales;Hombres;2020;1.698
13.14 Receptación y blanqueo de capitales;Hombres;2019;2.494
13.14 Receptación y blanqueo de capitales;Hombres;2018;2.665
13.14 Receptación y blanqueo de capitales;Hombres;2017;2.550
13.14 Receptación y blanqueo de capitales;Hombres;2016;2.527
13.14 Receptación y blanqueo de capitales;Hombres;2015;2.326
13.14 Receptación y blanqueo de capitales;Hombres;2014;2.123
13.14 Receptación y blanqueo de capitales;Hombres;2013;1.763
13.14 Receptación y blanqueo de capitales;Mujeres;2020;366
13.14 Receptación y blanqueo de capitales;Mujeres;2019;442
13.14 Receptación y blanqueo de capitales;Mujeres;2018;496
13.14 Receptación y blanqueo de capitales;Mujeres;2017;471
13.14 Receptación y blanqueo de capitales;Mujeres;2016;473
13.14 Receptación y blanqueo de capitales;Mujeres;2015;407
13.14 Receptación y blanqueo de capitales;Mujeres;2014;372
13.14 Receptación y blanqueo de capitales;Mujeres;2013;246
13.99 Otros delitos contra el patrimonio y orden socioeconómico;Total;2020;1.721
13.99 Otros delitos contra el patrimonio y orden socioeconómico;Total;2019;2.278
13.99 Otros delitos contra el patrimonio y orden socioeconómico;Total;2018;2.244
13.99 Otros delitos contra el patrimonio y orden socioeconómico;Total;2017;2.158
13.99 Otros delitos contra el patrimonio y orden socioeconómico;Total;2016;1.970
13.99 Otros delitos contra el patrimonio y orden socioeconómico;Total;2015;1.575
13.99 Otros delitos contra el patrimonio y orden socioeconómico;Total;2014;1.542
13.99 Otros delitos contra el patrimonio y orden socioeconómico;Total;2013;1.292
13.99 Otros delitos contra el patrimonio y orden socioeconómico;Hombres;2020;1.356
13.99 Otros delitos contra el patrimonio y orden socioeconómico;Hombres;2019;1.834
13.99 Otros delitos contra el patrimonio y orden socioeconómico;Hombres;2018;1.783
13.99 Otros delitos contra el patrimonio y orden socioeconómico;Hombres;2017;1.733
13.99 Otros delitos contra el patrimonio y orden socioeconómico;Hombres;2016;1.576
13.99 Otros delitos contra el patrimonio y orden socioeconómico;Hombres;2015;1.229
13.99 Otros delitos contra el patrimonio y orden socioeconómico;Hombres;2014;1.210
13.99 Otros delitos contra el patrimonio y orden socioeconómico;Hombres;2013;1.034
13.99 Otros delitos contra el patrimonio y orden socioeconómico;Mujeres;2020;365
13.99 Otros delitos contra el patrimonio y orden socioeconómico;Mujeres;2019;444
13.99 Otros delitos contra el patrimonio y orden socioeconómico;Mujeres;2018;461
13.99 Otros delitos contra el patrimonio y orden socioeconómico;Mujeres;2017;425
13.99 Otros delitos contra el patrimonio y orden socioeconómico;Mujeres;2016;394
13.99 Otros delitos contra el patrimonio y orden socioeconómico;Mujeres;2015;346
13.99 Otros delitos contra el patrimonio y orden socioeconómico;Mujeres;2014;332
13.99 Otros delitos contra el patrimonio y orden socioeconómico;Mujeres;2013;258
17 Contra la seguridad colectiva;Total;2020;80.054
17 Contra la seguridad colectiva;Total;2019;103.257
17 Contra la seguridad colectiva;Total;2018;100.484
17 Contra la seguridad colectiva;Total;2017;98.021
17 Contra la seguridad colectiva;Total;2016;99.174
17 Contra la seguridad colectiva;Total;2015;102.164
17 Contra la seguridad colectiva;Total;2014;109.815
17 Contra la seguridad colectiva;Total;2013;114.951
17 Contra la seguridad colectiva;Hombres;2020;71.604
17 Contra la seguridad colectiva;Hombres;2019;92.231
17 Contra la seguridad colectiva;Hombres;2018;90.008
17 Contra la seguridad colectiva;Hombres;2017;87.762
17 Contra la seguridad colectiva;Hombres;2016;89.087
17 Contra la seguridad colectiva;Hombres;2015;92.271
17 Contra la seguridad colectiva;Hombres;2014;99.323
17 Contra la seguridad colectiva;Hombres;2013;104.587
17 Contra la seguridad colectiva;Mujeres;2020;8.450
17 Contra la seguridad colectiva;Mujeres;2019;11.026
17 Contra la seguridad colectiva;Mujeres;2018;10.476
17 Contra la seguridad colectiva;Mujeres;2017;10.259
17 Contra la seguridad colectiva;Mujeres;2016;10.087
17 Contra la seguridad colectiva;Mujeres;2015;9.893
17 Contra la seguridad colectiva;Mujeres;2014;10.492
17 Contra la seguridad colectiva;Mujeres;2013;10.364
17.3 Contra la salud pública;Total;2020;9.332
17.3 Contra la salud pública;Total;2019;11.567
17.3 Contra la salud pública;Total;2018;11.087
17.3 Contra la salud pública;Total;2017;11.527
17.3 Contra la salud pública;Total;2016;11.996
17.3 Contra la salud pública;Total;2015;12.415
17.3 Contra la salud pública;Total;2014;12.851
17.3 Contra la salud pública;Total;2013;13.441
17.3 Contra la salud pública;Hombres;2020;8.057
17.3 Contra la salud pública;Hombres;2019;9.872
17.3 Contra la salud pública;Hombres;2018;9.525
17.3 Contra la salud pública;Hombres;2017;9.911
17.3 Contra la salud pública;Hombres;2016;10.462
17.3 Contra la salud pública;Hombres;2015;10.733
17.3 Contra la salud pública;Hombres;2014;11.119
17.3 Contra la salud pública;Hombres;2013;11.711
17.3 Contra la salud pública;Mujeres;2020;1.275
17.3 Contra la salud pública;Mujeres;2019;1.695
17.3 Contra la salud pública;Mujeres;2018;1.562
17.3 Contra la salud pública;Mujeres;2017;1.616
17.3 Contra la salud pública;Mujeres;2016;1.534
17.3 Contra la salud pública;Mujeres;2015;1.682
17.3 Contra la salud pública;Mujeres;2014;1.732
17.3 Contra la salud pública;Mujeres;2013;1.730
17.4 Contra la seguridad vial;Total;2020;70.540
17.4 Contra la seguridad vial;Total;2019;91.413
17.4 Contra la seguridad vial;Total;2018;89.144
17.4 Contra la seguridad vial;Total;2017;86.200
17.4 Contra la seguridad vial;Total;2016;86.879
17.4 Contra la seguridad vial;Total;2015;89.445
17.4 Contra la seguridad vial;Total;2014;96.698
17.4 Contra la seguridad vial;Total;2013;101.271
17.4 Contra la seguridad vial;Hombres;2020;63.390
17.4 Contra la seguridad vial;Hombres;2019;82.108
17.4 Contra la seguridad vial;Hombres;2018;80.248
17.4 Contra la seguridad vial;Hombres;2017;77.589
17.4 Contra la seguridad vial;Hombres;2016;78.353
17.4 Contra la seguridad vial;Hombres;2015;81.253
17.4 Contra la seguridad vial;Hombres;2014;87.960
17.4 Contra la seguridad vial;Hombres;2013;92.683
17.4 Contra la seguridad vial;Mujeres;2020;7.150
17.4 Contra la seguridad vial;Mujeres;2019;9.305
17.4 Contra la seguridad vial;Mujeres;2018;8.896
17.4 Contra la seguridad vial;Mujeres;2017;8.611
17.4 Contra la seguridad vial;Mujeres;2016;8.526
17.4 Contra la seguridad vial;Mujeres;2015;8.192
17.4 Contra la seguridad vial;Mujeres;2014;8.738
17.4 Contra la seguridad vial;Mujeres;2013;8.588
17.99 Otros delitos contra la seguridad colectiva;Total;2020;182
17.99 Otros delitos contra la seguridad colectiva;Total;2019;277
17.99 Otros delitos contra la seguridad colectiva;Total;2018;253
17.99 Otros delitos contra la seguridad colectiva;Total;2017;294
17.99 Otros delitos contra la seguridad colectiva;Total;2016;299
17.99 Otros delitos contra la seguridad colectiva;Total;2015;304
17.99 Otros delitos contra la seguridad colectiva;Total;2014;266
17.99 Otros delitos contra la seguridad colectiva;Total;2013;239
17.99 Otros delitos contra la seguridad colectiva;Hombres;2020;157
17.99 Otros delitos contra la seguridad colectiva;Hombres;2019;251
17.99 Otros delitos contra la seguridad colectiva;Hombres;2018;235
17.99 Otros delitos contra la seguridad colectiva;Hombres;2017;262
17.99 Otros delitos contra la seguridad colectiva;Hombres;2016;272
17.99 Otros delitos contra la seguridad colectiva;Hombres;2015;285
17.99 Otros delitos contra la seguridad colectiva;Hombres;2014;244
17.99 Otros delitos contra la seguridad colectiva;Hombres;2013;193
17.99 Otros delitos contra la seguridad colectiva;Mujeres;2020;25
17.99 Otros delitos contra la seguridad colectiva;Mujeres;2019;26
17.99 Otros delitos contra la seguridad colectiva;Mujeres;2018;18
17.99 Otros delitos contra la seguridad colectiva;Mujeres;2017;32
17.99 Otros delitos contra la seguridad colectiva;Mujeres;2016;27
17.99 Otros delitos contra la seguridad colectiva;Mujeres;2015;19
17.99 Otros delitos contra la seguridad colectiva;Mujeres;2014;22
17.99 Otros delitos contra la seguridad colectiva;Mujeres;2013;46
18 Falsedades;Total;2020;5.651
18 Falsedades;Total;2019;8.757
18 Falsedades;Total;2018;8.499
18 Falsedades;Total;2017;7.783
18 Falsedades;Total;2016;7.921
18 Falsedades;Total;2015;7.453
18 Falsedades;Total;2014;7.376
18 Falsedades;Total;2013;6.770
18 Falsedades;Hombres;2020;4.578
18 Falsedades;Hombres;2019;6.921
18 Falsedades;Hombres;2018;6.800
18 Falsedades;Hombres;2017;6.295
18 Falsedades;Hombres;2016;6.448
18 Falsedades;Hombres;2015;6.192
18 Falsedades;Hombres;2014;6.099
18 Falsedades;Hombres;2013;5.646
18 Falsedades;Mujeres;2020;1.073
18 Falsedades;Mujeres;2019;1.836
18 Falsedades;Mujeres;2018;1.699
18 Falsedades;Mujeres;2017;1.488
18 Falsedades;Mujeres;2016;1.473
18 Falsedades;Mujeres;2015;1.261
18 Falsedades;Mujeres;2014;1.277
18 Falsedades;Mujeres;2013;1.124
18.2 Falsedades documentales;Total;2020;5.339
18.2 Falsedades documentales;Total;2019;8.386
18.2 Falsedades documentales;Total;2018;8.100
18.2 Falsedades documentales;Total;2017;7.342
18.2 Falsedades documentales;Total;2016;7.577
18.2 Falsedades documentales;Total;2015;7.093
18.2 Falsedades documentales;Total;2014;7.017
18.2 Falsedades documentales;Total;2013;6.382
18.2 Falsedades documentales;Hombres;2020;4.326
18.2 Falsedades documentales;Hombres;2019;6.630
18.2 Falsedades documentales;Hombres;2018;6.487
18.2 Falsedades documentales;Hombres;2017;5.962
18.2 Falsedades documentales;Hombres;2016;6.187
18.2 Falsedades documentales;Hombres;2015;5.897
18.2 Falsedades documentales;Hombres;2014;5.801
18.2 Falsedades documentales;Hombres;2013;5.331
18.2 Falsedades documentales;Mujeres;2020;1.013
18.2 Falsedades documentales;Mujeres;2019;1.756
18.2 Falsedades documentales;Mujeres;2018;1.613
18.2 Falsedades documentales;Mujeres;2017;1.380
18.2 Falsedades documentales;Mujeres;2016;1.390
18.2 Falsedades documentales;Mujeres;2015;1.196
18.2 Falsedades documentales;Mujeres;2014;1.216
18.2 Falsedades documentales;Mujeres;2013;1.051
18.2.1 Falsificación documentos públicos;Total;2020;4.760
18.2.1 Falsificación documentos públicos;Total;2019;7.596
18.2.1 Falsificación documentos públicos;Total;2018;7.302
18.2.1 Falsificación documentos públicos;Total;2017;6.625
18.2.1 Falsificación documentos públicos;Total;2016;6.770
18.2.1 Falsificación documentos públicos;Total;2015;6.501
18.2.1 Falsificación documentos públicos;Total;2014;6.342
18.2.1 Falsificación documentos públicos;Total;2013;5.810
18.2.1 Falsificación documentos públicos;Hombres;2020;3.875
18.2.1 Falsificación documentos públicos;Hombres;2019;6.034
18.2.1 Falsificación documentos públicos;Hombres;2018;5.875
18.2.1 Falsificación documentos públicos;Hombres;2017;5.409
18.2.1 Falsificación documentos públicos;Hombres;2016;5.562
18.2.1 Falsificación documentos públicos;Hombres;2015;5.428
18.2.1 Falsificación documentos públicos;Hombres;2014;5.290
18.2.1 Falsificación documentos públicos;Hombres;2013;4.872
18.2.1 Falsificación documentos públicos;Mujeres;2020;885
18.2.1 Falsificación documentos públicos;Mujeres;2019;1.562
18.2.1 Falsificación documentos públicos;Mujeres;2018;1.427
18.2.1 Falsificación documentos públicos;Mujeres;2017;1.216
18.2.1 Falsificación documentos públicos;Mujeres;2016;1.208
18.2.1 Falsificación documentos públicos;Mujeres;2015;1.073
18.2.1 Falsificación documentos públicos;Mujeres;2014;1.052
18.2.1 Falsificación documentos públicos;Mujeres;2013;938
18.2.2 Falsificación documentos privados;Total;2020;428
18.2.2 Falsificación documentos privados;Total;2019;637
18.2.2 Falsificación documentos privados;Total;2018;629
18.2.2 Falsificación documentos privados;Total;2017;581
18.2.2 Falsificación documentos privados;Total;2016;632
18.2.2 Falsificación documentos privados;Total;2015;414
18.2.2 Falsificación documentos privados;Total;2014;413
18.2.2 Falsificación documentos privados;Total;2013;347
18.2.2 Falsificación documentos privados;Hombres;2020;322
18.2.2 Falsificación documentos privados;Hombres;2019;468
18.2.2 Falsificación documentos privados;Hombres;2018;472
18.2.2 Falsificación documentos privados;Hombres;2017;440
18.2.2 Falsificación documentos privados;Hombres;2016;469
18.2.2 Falsificación documentos privados;Hombres;2015;322
18.2.2 Falsificación documentos privados;Hombres;2014;303
18.2.2 Falsificación documentos privados;Hombres;2013;266
18.2.2 Falsificación documentos privados;Mujeres;2020;106
18.2.2 Falsificación documentos privados;Mujeres;2019;169
18.2.2 Falsificación documentos privados;Mujeres;2018;157
18.2.2 Falsificación documentos privados;Mujeres;2017;141
18.2.2 Falsificación documentos privados;Mujeres;2016;163
18.2.2 Falsificación documentos privados;Mujeres;2015;92
18.2.2 Falsificación documentos privados;Mujeres;2014;110
18.2.2 Falsificación documentos privados;Mujeres;2013;81
18.2.3 Falsificación de certificados;Total;2020;89
18.2.3 Falsificación de certificados;Total;2019;86
18.2.3 Falsificación de certificados;Total;2018;95
18.2.3 Falsificación de certificados;Total;2017;66
18.2.3 Falsificación de certificados;Total;2016;86
18.2.3 Falsificación de certificados;Total;2015;81
18.2.3 Falsificación de certificados;Total;2014;104
18.2.3 Falsificación de certificados;Total;2013;75
18.2.3 Falsificación de certificados;Hombres;2020;73
18.2.3 Falsificación de certificados;Hombres;2019;71
18.2.3 Falsificación de certificados;Hombres;2018;74
18.2.3 Falsificación de certificados;Hombres;2017;53
18.2.3 Falsificación de certificados;Hombres;2016;79
18.2.3 Falsificación de certificados;Hombres;2015;66
18.2.3 Falsificación de certificados;Hombres;2014;73
18.2.3 Falsificación de certificados;Hombres;2013;59
18.2.3 Falsificación de certificados;Mujeres;2020;16
18.2.3 Falsificación de certificados;Mujeres;2019;15
18.2.3 Falsificación de certificados;Mujeres;2018;21
18.2.3 Falsificación de certificados;Mujeres;2017;13
18.2.3 Falsificación de certificados;Mujeres;2016;7
18.2.3 Falsificación de certificados;Mujeres;2015;15
18.2.3 Falsificación de certificados;Mujeres;2014;31
18.2.3 Falsificación de certificados;Mujeres;2013;16
18.2.4 Falsificación de tarjetas de crédito;Total;2020;62
18.2.4 Falsificación de tarjetas de crédito;Total;2019;67
18.2.4 Falsificación de tarjetas de crédito;Total;2018;74
18.2.4 Falsificación de tarjetas de crédito;Total;2017;70
18.2.4 Falsificación de tarjetas de crédito;Total;2016;89
18.2.4 Falsificación de tarjetas de crédito;Total;2015;97
18.2.4 Falsificación de tarjetas de crédito;Total;2014;158
18.2.4 Falsificación de tarjetas de crédito;Total;2013;150
18.2.4 Falsificación de tarjetas de crédito;Hombres;2020;56
18.2.4 Falsificación de tarjetas de crédito;Hombres;2019;57
18.2.4 Falsificación de tarjetas de crédito;Hombres;2018;66
18.2.4 Falsificación de tarjetas de crédito;Hombres;2017;60
18.2.4 Falsificación de tarjetas de crédito;Hombres;2016;77
18.2.4 Falsificación de tarjetas de crédito;Hombres;2015;81
18.2.4 Falsificación de tarjetas de crédito;Hombres;2014;135
18.2.4 Falsificación de tarjetas de crédito;Hombres;2013;134
18.2.4 Falsificación de tarjetas de crédito;Mujeres;2020;6
18.2.4 Falsificación de tarjetas de crédito;Mujeres;2019;10
18.2.4 Falsificación de tarjetas de crédito;Mujeres;2018;8
18.2.4 Falsificación de tarjetas de crédito;Mujeres;2017;10
18.2.4 Falsificación de tarjetas de crédito;Mujeres;2016;12
18.2.4 Falsificación de tarjetas de crédito;Mujeres;2015;16
18.2.4 Falsificación de tarjetas de crédito;Mujeres;2014;23
18.2.4 Falsificación de tarjetas de crédito;Mujeres;2013;16
18.99 Otros delitos de las falsedades;Total;2020;312
18.99 Otros delitos de las falsedades;Total;2019;371
18.99 Otros delitos de las falsedades;Total;2018;399
18.99 Otros delitos de las falsedades;Total;2017;441
18.99 Otros delitos de las falsedades;Total;2016;344
18.99 Otros delitos de las falsedades;Total;2015;360
18.99 Otros delitos de las falsedades;Total;2014;359
18.99 Otros delitos de las falsedades;Total;2013;388
18.99 Otros delitos de las falsedades;Hombres;2020;252
18.99 Otros delitos de las falsedades;Hombres;2019;291
18.99 Otros delitos de las falsedades;Hombres;2018;313
18.99 Otros delitos de las falsedades;Hombres;2017;333
18.99 Otros delitos de las falsedades;Hombres;2016;261
18.99 Otros delitos de las falsedades;Hombres;2015;295
18.99 Otros delitos de las falsedades;Hombres;2014;298
18.99 Otros delitos de las falsedades;Hombres;2013;315
18.99 Otros delitos de las falsedades;Mujeres;2020;60
18.99 Otros delitos de las falsedades;Mujeres;2019;80
18.99 Otros delitos de las falsedades;Mujeres;2018;86
18.99 Otros delitos de las falsedades;Mujeres;2017;108
18.99 Otros delitos de las falsedades;Mujeres;2016;83
18.99 Otros delitos de las falsedades;Mujeres;2015;65
18.99 Otros delitos de las falsedades;Mujeres;2014;61
18.99 Otros delitos de las falsedades;Mujeres;2013;73
19 Contra la Administración Pública;Total;2020;1.945
19 Contra la Administración Pública;Total;2019;1.770
19 Contra la Administración Pública;Total;2018;1.527
19 Contra la Administración Pública;Total;2017;1.678
19 Contra la Administración Pública;Total;2016;1.692
19 Contra la Administración Pública;Total;2015;1.591
19 Contra la Administración Pública;Total;2014;1.548
19 Contra la Administración Pública;Total;2013;1.588
19 Contra la Administración Pública;Hombres;2020;1.656
19 Contra la Administración Pública;Hombres;2019;1.482
19 Contra la Administración Pública;Hombres;2018;1.266
19 Contra la Administración Pública;Hombres;2017;1.411
19 Contra la Administración Pública;Hombres;2016;1.438
19 Contra la Administración Pública;Hombres;2015;1.368
19 Contra la Administración Pública;Hombres;2014;1.348
19 Contra la Administración Pública;Hombres;2013;1.381
19 Contra la Administración Pública;Mujeres;2020;289
19 Contra la Administración Pública;Mujeres;2019;288
19 Contra la Administración Pública;Mujeres;2018;261
19 Contra la Administración Pública;Mujeres;2017;267
19 Contra la Administración Pública;Mujeres;2016;254
19 Contra la Administración Pública;Mujeres;2015;223
19 Contra la Administración Pública;Mujeres;2014;200
19 Contra la Administración Pública;Mujeres;2013;207
19.3 Desobediencia y denegación auxilio;Total;2020;1.645
19.3 Desobediencia y denegación auxilio;Total;2019;1.283
19.3 Desobediencia y denegación auxilio;Total;2018;1.163
19.3 Desobediencia y denegación auxilio;Total;2017;1.283
19.3 Desobediencia y denegación auxilio;Total;2016;1.250
19.3 Desobediencia y denegación auxilio;Total;2015;1.188
19.3 Desobediencia y denegación auxilio;Total;2014;1.194
19.3 Desobediencia y denegación auxilio;Total;2013;1.314
19.3 Desobediencia y denegación auxilio;Hombres;2020;1.398
19.3 Desobediencia y denegación auxilio;Hombres;2019;1.084
19.3 Desobediencia y denegación auxilio;Hombres;2018;972
19.3 Desobediencia y denegación auxilio;Hombres;2017;1.101
19.3 Desobediencia y denegación auxilio;Hombres;2016;1.080
19.3 Desobediencia y denegación auxilio;Hombres;2015;1.036
19.3 Desobediencia y denegación auxilio;Hombres;2014;1.047
19.3 Desobediencia y denegación auxilio;Hombres;2013;1.148
19.3 Desobediencia y denegación auxilio;Mujeres;2020;247
19.3 Desobediencia y denegación auxilio;Mujeres;2019;199
19.3 Desobediencia y denegación auxilio;Mujeres;2018;191
19.3 Desobediencia y denegación auxilio;Mujeres;2017;182
19.3 Desobediencia y denegación auxilio;Mujeres;2016;170
19.3 Desobediencia y denegación auxilio;Mujeres;2015;152
19.3 Desobediencia y denegación auxilio;Mujeres;2014;147
19.3 Desobediencia y denegación auxilio;Mujeres;2013;166
19.99 Otros delitos contra la Administración Pública;Total;2020;300
19.99 Otros delitos contra la Administración Pública;Total;2019;487
19.99 Otros delitos contra la Administración Pública;Total;2018;364
19.99 Otros delitos contra la Administración Pública;Total;2017;395
19.99 Otros delitos contra la Administración Pública;Total;2016;442
19.99 Otros delitos contra la Administración Pública;Total;2015;403
19.99 Otros delitos contra la Administración Pública;Total;2014;354
19.99 Otros delitos contra la Administración Pública;Total;2013;274
19.99 Otros delitos contra la Administración Pública;Hombres;2020;258
19.99 Otros delitos contra la Administración Pública;Hombres;2019;398
19.99 Otros delitos contra la Administración Pública;Hombres;2018;294
19.99 Otros delitos contra la Administración Pública;Hombres;2017;310
19.99 Otros delitos contra la Administración Pública;Hombres;2016;358
19.99 Otros delitos contra la Administración Pública;Hombres;2015;332
19.99 Otros delitos contra la Administración Pública;Hombres;2014;301
19.99 Otros delitos contra la Administración Pública;Hombres;2013;233
19.99 Otros delitos contra la Administración Pública;Mujeres;2020;42
19.99 Otros delitos contra la Administración Pública;Mujeres;2019;89
19.99 Otros delitos contra la Administración Pública;Mujeres;2018;70
19.99 Otros delitos contra la Administración Pública;Mujeres;2017;85
19.99 Otros delitos contra la Administración Pública;Mujeres;2016;84
19.99 Otros delitos contra la Administración Pública;Mujeres;2015;71
19.99 Otros delitos contra la Administración Pública;Mujeres;2014;53
19.99 Otros delitos contra la Administración Pública;Mujeres;2013;41
20 Contra la Administración de Justicia;Total;2020;16.187
20 Contra la Administración de Justicia;Total;2019;20.435
20 Contra la Administración de Justicia;Total;2018;19.890
20 Contra la Administración de Justicia;Total;2017;19.993
20 Contra la Administración de Justicia;Total;2016;19.462
20 Contra la Administración de Justicia;Total;2015;19.140
20 Contra la Administración de Justicia;Total;2014;18.764
20 Contra la Administración de Justicia;Total;2013;17.117
20 Contra la Administración de Justicia;Hombres;2020;14.129
20 Contra la Administración de Justicia;Hombres;2019;17.478
20 Contra la Administración de Justicia;Hombres;2018;16.833
20 Contra la Administración de Justicia;Hombres;2017;16.748
20 Contra la Administración de Justicia;Hombres;2016;16.202
20 Contra la Administración de Justicia;Hombres;2015;15.889
20 Contra la Administración de Justicia;Hombres;2014;15.683
20 Contra la Administración de Justicia;Hombres;2013;14.695
20 Contra la Administración de Justicia;Mujeres;2020;2.058
20 Contra la Administración de Justicia;Mujeres;2019;2.957
20 Contra la Administración de Justicia;Mujeres;2018;3.057
20 Contra la Administración de Justicia;Mujeres;2017;3.245
20 Contra la Administración de Justicia;Mujeres;2016;3.260
20 Contra la Administración de Justicia;Mujeres;2015;3.251
20 Contra la Administración de Justicia;Mujeres;2014;3.081
20 Contra la Administración de Justicia;Mujeres;2013;2.422
20.5 Acusación y denuncia falsa;Total;2020;1.413
20.5 Acusación y denuncia falsa;Total;2019;2.255
20.5 Acusación y denuncia falsa;Total;2018;2.562
20.5 Acusación y denuncia falsa;Total;2017;2.941
20.5 Acusación y denuncia falsa;Total;2016;3.221
20.5 Acusación y denuncia falsa;Total;2015;3.591
20.5 Acusación y denuncia falsa;Total;2014;3.418
20.5 Acusación y denuncia falsa;Total;2013;2.767
20.5 Acusación y denuncia falsa;Hombres;2020;825
20.5 Acusación y denuncia falsa;Hombres;2019;1.300
20.5 Acusación y denuncia falsa;Hombres;2018;1.478
20.5 Acusación y denuncia falsa;Hombres;2017;1.664
20.5 Acusación y denuncia falsa;Hombres;2016;1.844
20.5 Acusación y denuncia falsa;Hombres;2015;2.095
20.5 Acusación y denuncia falsa;Hombres;2014;1.992
20.5 Acusación y denuncia falsa;Hombres;2013;1.717
20.5 Acusación y denuncia falsa;Mujeres;2020;588
20.5 Acusación y denuncia falsa;Mujeres;2019;955
20.5 Acusación y denuncia falsa;Mujeres;2018;1.084
20.5 Acusación y denuncia falsa;Mujeres;2017;1.277
20.5 Acusación y denuncia falsa;Mujeres;2016;1.377
20.5 Acusación y denuncia falsa;Mujeres;2015;1.496
20.5 Acusación y denuncia falsa;Mujeres;2014;1.426
20.5 Acusación y denuncia falsa;Mujeres;2013;1.050
20.5.1 Acusación y denuncias falsas;Total;2020;270
20.5.1 Acusación y denuncias falsas;Total;2019;434
20.5.1 Acusación y denuncias falsas;Total;2018;502
20.5.1 Acusación y denuncias falsas;Total;2017;553
20.5.1 Acusación y denuncias falsas;Total;2016;544
20.5.1 Acusación y denuncias falsas;Total;2015;560
20.5.1 Acusación y denuncias falsas;Total;2014;585
20.5.1 Acusación y denuncias falsas;Total;2013;500
20.5.1 Acusación y denuncias falsas;Hombres;2020;107
20.5.1 Acusación y denuncias falsas;Hombres;2019;201
20.5.1 Acusación y denuncias falsas;Hombres;2018;241
20.5.1 Acusación y denuncias falsas;Hombres;2017;289
20.5.1 Acusación y denuncias falsas;Hombres;2016;279
20.5.1 Acusación y denuncias falsas;Hombres;2015;295
20.5.1 Acusación y denuncias falsas;Hombres;2014;317
20.5.1 Acusación y denuncias falsas;Hombres;2013;279
20.5.1 Acusación y denuncias falsas;Mujeres;2020;163
20.5.1 Acusación y denuncias falsas;Mujeres;2019;233
20.5.1 Acusación y denuncias falsas;Mujeres;2018;261
20.5.1 Acusación y denuncias falsas;Mujeres;2017;264
20.5.1 Acusación y denuncias falsas;Mujeres;2016;265
20.5.1 Acusación y denuncias falsas;Mujeres;2015;265
20.5.1 Acusación y denuncias falsas;Mujeres;2014;268
20.5.1 Acusación y denuncias falsas;Mujeres;2013;221
20.5.2 Simulación del delito;Total;2020;1.143
20.5.2 Simulación del delito;Total;2019;1.821
20.5.2 Simulación del delito;Total;2018;2.060
20.5.2 Simulación del delito;Total;2017;2.388
20.5.2 Simulación del delito;Total;2016;2.677
20.5.2 Simulación del delito;Total;2015;3.031
20.5.2 Simulación del delito;Total;2014;2.833
20.5.2 Simulación del delito;Total;2013;2.267
20.5.2 Simulación del delito;Hombres;2020;718
20.5.2 Simulación del delito;Hombres;2019;1.099
20.5.2 Simulación del delito;Hombres;2018;1.237
20.5.2 Simulación del delito;Hombres;2017;1.375
20.5.2 Simulación del delito;Hombres;2016;1.565
20.5.2 Simulación del delito;Hombres;2015;1.800
20.5.2 Simulación del delito;Hombres;2014;1.675
20.5.2 Simulación del delito;Hombres;2013;1.438
20.5.2 Simulación del delito;Mujeres;2020;425
20.5.2 Simulación del delito;Mujeres;2019;722
20.5.2 Simulación del delito;Mujeres;2018;823
20.5.2 Simulación del delito;Mujeres;2017;1.013
20.5.2 Simulación del delito;Mujeres;2016;1.112
20.5.2 Simulación del delito;Mujeres;2015;1.231
20.5.2 Simulación del delito;Mujeres;2014;1.158
20.5.2 Simulación del delito;Mujeres;2013;829
20.8 Quebrantamiento de condena;Total;2020;14.056
20.8 Quebrantamiento de condena;Total;2019;17.182
20.8 Quebrantamiento de condena;Total;2018;16.326
20.8 Quebrantamiento de condena;Total;2017;15.894
20.8 Quebrantamiento de condena;Total;2016;15.144
20.8 Quebrantamiento de condena;Total;2015;14.499
20.8 Quebrantamiento de condena;Total;2014;14.180
20.8 Quebrantamiento de condena;Total;2013;13.412
20.8 Quebrantamiento de condena;Hombres;2020;12.810
20.8 Quebrantamiento de condena;Hombres;2019;15.492
20.8 Quebrantamiento de condena;Hombres;2018;14.670
20.8 Quebrantamiento de condena;Hombres;2017;14.277
20.8 Quebrantamiento de condena;Hombres;2016;13.592
20.8 Quebrantamiento de condena;Hombres;2015;13.025
20.8 Quebrantamiento de condena;Hombres;2014;12.825
20.8 Quebrantamiento de condena;Hombres;2013;12.281
20.8 Quebrantamiento de condena;Mujeres;2020;1.246
20.8 Quebrantamiento de condena;Mujeres;2019;1.690
20.8 Quebrantamiento de condena;Mujeres;2018;1.656
20.8 Quebrantamiento de condena;Mujeres;2017;1.617
20.8 Quebrantamiento de condena;Mujeres;2016;1.552
20.8 Quebrantamiento de condena;Mujeres;2015;1.474
20.8 Quebrantamiento de condena;Mujeres;2014;1.355
20.8 Quebrantamiento de condena;Mujeres;2013;1.131
20.99 Otros delitos contra la Administración de Justicia;Total;2020;718
20.99 Otros delitos contra la Administración de Justicia;Total;2019;998
20.99 Otros delitos contra la Administración de Justicia;Total;2018;1.002
20.99 Otros delitos contra la Administración de Justicia;Total;2017;1.158
20.99 Otros delitos contra la Administración de Justicia;Total;2016;1.097
20.99 Otros delitos contra la Administración de Justicia;Total;2015;1.050
20.99 Otros delitos contra la Administración de Justicia;Total;2014;1.166
20.99 Otros delitos contra la Administración de Justicia;Total;2013;938
20.99 Otros delitos contra la Administración de Justicia;Hombres;2020;494
20.99 Otros delitos contra la Administración de Justicia;Hombres;2019;686
20.99 Otros delitos contra la Administración de Justicia;Hombres;2018;685
20.99 Otros delitos contra la Administración de Justicia;Hombres;2017;807
20.99 Otros delitos contra la Administración de Justicia;Hombres;2016;766
20.99 Otros delitos contra la Administración de Justicia;Hombres;2015;769
20.99 Otros delitos contra la Administración de Justicia;Hombres;2014;866
20.99 Otros delitos contra la Administración de Justicia;Hombres;2013;697
20.99 Otros delitos contra la Administración de Justicia;Mujeres;2020;224
20.99 Otros delitos contra la Administración de Justicia;Mujeres;2019;312
20.99 Otros delitos contra la Administración de Justicia;Mujeres;2018;317
20.99 Otros delitos contra la Administración de Justicia;Mujeres;2017;351
20.99 Otros delitos contra la Administración de Justicia;Mujeres;2016;331
20.99 Otros delitos contra la Administración de Justicia;Mujeres;2015;281
20.99 Otros delitos contra la Administración de Justicia;Mujeres;2014;300
20.99 Otros delitos contra la Administración de Justicia;Mujeres;2013;241
22 Contra el orden público;Total;2020;12.640
22 Contra el orden público;Total;2019;15.170
22 Contra el orden público;Total;2018;14.944
22 Contra el orden público;Total;2017;14.753
22 Contra el orden público;Total;2016;14.394
22 Contra el orden público;Total;2015;13.745
22 Contra el orden público;Total;2014;13.317
22 Contra el orden público;Total;2013;12.744
22 Contra el orden público;Hombres;2020;10.704
22 Contra el orden público;Hombres;2019;12.780
22 Contra el orden público;Hombres;2018;12.764
22 Contra el orden público;Hombres;2017;12.606
22 Contra el orden público;Hombres;2016;12.420
22 Contra el orden público;Hombres;2015;11.923
22 Contra el orden público;Hombres;2014;11.649
22 Contra el orden público;Hombres;2013;11.266
22 Contra el orden público;Mujeres;2020;1.936
22 Contra el orden público;Mujeres;2019;2.390
22 Contra el orden público;Mujeres;2018;2.180
22 Contra el orden público;Mujeres;2017;2.147
22 Contra el orden público;Mujeres;2016;1.974
22 Contra el orden público;Mujeres;2015;1.822
22 Contra el orden público;Mujeres;2014;1.668
22 Contra el orden público;Mujeres;2013;1.478
22.2 Atentados contra la autoridad y de la resistencia y desobediencia;Total;2020;10.993
22.2 Atentados contra la autoridad y de la resistencia y desobediencia;Total;2019;12.966
22.2 Atentados contra la autoridad y de la resistencia y desobediencia;Total;2018;13.198
22.2 Atentados contra la autoridad y de la resistencia y desobediencia;Total;2017;12.919
22.2 Atentados contra la autoridad y de la resistencia y desobediencia;Total;2016;12.768
22.2 Atentados contra la autoridad y de la resistencia y desobediencia;Total;2015;11.882
22.2 Atentados contra la autoridad y de la resistencia y desobediencia;Total;2014;11.797
22.2 Atentados contra la autoridad y de la resistencia y desobediencia;Total;2013;11.518
22.2 Atentados contra la autoridad y de la resistencia y desobediencia;Hombres;2020;9.236
22.2 Atentados contra la autoridad y de la resistencia y desobediencia;Hombres;2019;10.843
22.2 Atentados contra la autoridad y de la resistencia y desobediencia;Hombres;2018;11.183
22.2 Atentados contra la autoridad y de la resistencia y desobediencia;Hombres;2017;10.970
22.2 Atentados contra la autoridad y de la resistencia y desobediencia;Hombres;2016;10.937
22.2 Atentados contra la autoridad y de la resistencia y desobediencia;Hombres;2015;10.284
22.2 Atentados contra la autoridad y de la resistencia y desobediencia;Hombres;2014;10.272
22.2 Atentados contra la autoridad y de la resistencia y desobediencia;Hombres;2013;10.129
22.2 Atentados contra la autoridad y de la resistencia y desobediencia;Mujeres;2020;1.757
22.2 Atentados contra la autoridad y de la resistencia y desobediencia;Mujeres;2019;2.123
22.2 Atentados contra la autoridad y de la resistencia y desobediencia;Mujeres;2018;2.015
22.2 Atentados contra la autoridad y de la resistencia y desobediencia;Mujeres;2017;1.949
22.2 Atentados contra la autoridad y de la resistencia y desobediencia;Mujeres;2016;1.831
22.2 Atentados contra la autoridad y de la resistencia y desobediencia;Mujeres;2015;1.598
22.2 Atentados contra la autoridad y de la resistencia y desobediencia;Mujeres;2014;1.525
22.2 Atentados contra la autoridad y de la resistencia y desobediencia;Mujeres;2013;1.389
22.2.1 Atentados contra la autoridad;Total;2020;5.330
22.2.1 Atentados contra la autoridad;Total;2019;6.865
22.2.1 Atentados contra la autoridad;Total;2018;6.932
22.2.1 Atentados contra la autoridad;Total;2017;7.077
22.2.1 Atentados contra la autoridad;Total;2016;7.154
22.2.1 Atentados contra la autoridad;Total;2015;6.619
22.2.1 Atentados contra la autoridad;Total;2014;6.418
22.2.1 Atentados contra la autoridad;Total;2013;6.387
22.2.1 Atentados contra la autoridad;Hombres;2020;4.395
22.2.1 Atentados contra la autoridad;Hombres;2019;5.618
22.2.1 Atentados contra la autoridad;Hombres;2018;5.819
22.2.1 Atentados contra la autoridad;Hombres;2017;5.904
22.2.1 Atentados contra la autoridad;Hombres;2016;6.028
22.2.1 Atentados contra la autoridad;Hombres;2015;5.671
22.2.1 Atentados contra la autoridad;Hombres;2014;5.539
22.2.1 Atentados contra la autoridad;Hombres;2013;5.565
22.2.1 Atentados contra la autoridad;Mujeres;2020;935
22.2.1 Atentados contra la autoridad;Mujeres;2019;1.247
22.2.1 Atentados contra la autoridad;Mujeres;2018;1.113
22.2.1 Atentados contra la autoridad;Mujeres;2017;1.173
22.2.1 Atentados contra la autoridad;Mujeres;2016;1.126
22.2.1 Atentados contra la autoridad;Mujeres;2015;948
22.2.1 Atentados contra la autoridad;Mujeres;2014;879
22.2.1 Atentados contra la autoridad;Mujeres;2013;822
22.2.2 Resistencia y desobediencia;Total;2020;5.663
22.2.2 Resistencia y desobediencia;Total;2019;6.101
22.2.2 Resistencia y desobediencia;Total;2018;6.266
22.2.2 Resistencia y desobediencia;Total;2017;5.842
22.2.2 Resistencia y desobediencia;Total;2016;5.614
22.2.2 Resistencia y desobediencia;Total;2015;5.263
22.2.2 Resistencia y desobediencia;Total;2014;5.379
22.2.2 Resistencia y desobediencia;Total;2013;5.131
22.2.2 Resistencia y desobediencia;Hombres;2020;4.841
22.2.2 Resistencia y desobediencia;Hombres;2019;5.225
22.2.2 Resistencia y desobediencia;Hombres;2018;5.364
22.2.2 Resistencia y desobediencia;Hombres;2017;5.066
22.2.2 Resistencia y desobediencia;Hombres;2016;4.909
22.2.2 Resistencia y desobediencia;Hombres;2015;4.613
22.2.2 Resistencia y desobediencia;Hombres;2014;4.733
22.2.2 Resistencia y desobediencia;Hombres;2013;4.564
22.2.2 Resistencia y desobediencia;Mujeres;2020;822
22.2.2 Resistencia y desobediencia;Mujeres;2019;876
22.2.2 Resistencia y desobediencia;Mujeres;2018;902
22.2.2 Resistencia y desobediencia;Mujeres;2017;776
22.2.2 Resistencia y desobediencia;Mujeres;2016;705
22.2.2 Resistencia y desobediencia;Mujeres;2015;650
22.2.2 Resistencia y desobediencia;Mujeres;2014;646
22.2.2 Resistencia y desobediencia;Mujeres;2013;567
22.99 Otros delitos contra el orden público;Total;2020;1.647
22.99 Otros delitos contra el orden público;Total;2019;2.204
22.99 Otros delitos contra el orden público;Total;2018;1.746
22.99 Otros delitos contra el orden público;Total;2017;1.834
22.99 Otros delitos contra el orden público;Total;2016;1.626
22.99 Otros delitos contra el orden público;Total;2015;1.863
22.99 Otros delitos contra el orden público;Total;2014;1.520
22.99 Otros delitos contra el orden público;Total;2013;1.226
22.99 Otros delitos contra el orden público;Hombres;2020;1.468
22.99 Otros delitos contra el orden público;Hombres;2019;1.937
22.99 Otros delitos contra el orden público;Hombres;2018;1.581
22.99 Otros delitos contra el orden público;Hombres;2017;1.636
22.99 Otros delitos contra el orden público;Hombres;2016;1.483
22.99 Otros delitos contra el orden público;Hombres;2015;1.639
22.99 Otros delitos contra el orden público;Hombres;2014;1.377
22.99 Otros delitos contra el orden público;Hombres;2013;1.137
22.99 Otros delitos contra el orden público;Mujeres;2020;179
22.99 Otros delitos contra el orden público;Mujeres;2019;267
22.99 Otros delitos contra el orden público;Mujeres;2018;165
22.99 Otros delitos contra el orden público;Mujeres;2017;198
22.99 Otros delitos contra el orden público;Mujeres;2016;143
22.99 Otros delitos contra el orden público;Mujeres;2015;224
22.99 Otros delitos contra el orden público;Mujeres;2014;143
22.99 Otros delitos contra el orden público;Mujeres;2013;89
R Resto de delitos;Total;2020;4.468
R Resto de delitos;Total;2019;5.913
R Resto de delitos;Total;2018;6.063
R Resto de delitos;Total;2017;6.064
R Resto de delitos;Total;2016;5.840
R Resto de delitos;Total;2015;5.016
R Resto de delitos;Total;2014;4.155
R Resto de delitos;Total;2013;3.721
R Resto de delitos;Hombres;2020;3.710
R Resto de delitos;Hombres;2019;4.768
R Resto de delitos;Hombres;2018;5.049
R Resto de delitos;Hombres;2017;5.142
R Resto de delitos;Hombres;2016;5.046
R Resto de delitos;Hombres;2015;4.360
R Resto de delitos;Hombres;2014;3.642
R Resto de delitos;Hombres;2013;3.241
R Resto de delitos;Mujeres;2020;758
R Resto de delitos;Mujeres;2019;1.145
R Resto de delitos;Mujeres;2018;1.014
R Resto de delitos;Mujeres;2017;922
R Resto de delitos;Mujeres;2016;794
R Resto de delitos;Mujeres;2015;656
R Resto de delitos;Mujeres;2014;513
R Resto de delitos;Mujeres;2013;480
